{"v":"4.9.0","fr":25,"ip":0,"op":58,"w":426,"h":756,"nm":"预合成 1","ddd":0,"assets":[{"id":"image_0","w":426,"h":756,"u":"images/","p":"img_0.png"},{"id":"image_1","w":426,"h":756,"u":"images/","p":"img_1.png"},{"id":"image_2","w":426,"h":756,"u":"images/","p":"img_2.png"},{"id":"image_3","w":426,"h":756,"u":"images/","p":"img_3.png"},{"id":"image_4","w":426,"h":756,"u":"images/","p":"img_4.png"},{"id":"image_5","w":426,"h":756,"u":"images/","p":"img_5.png"},{"id":"image_6","w":426,"h":756,"u":"images/","p":"img_6.png"},{"id":"image_7","w":426,"h":756,"u":"images/","p":"img_7.png"},{"id":"image_8","w":426,"h":756,"u":"images/","p":"img_8.png"},{"id":"image_9","w":426,"h":756,"u":"images/","p":"img_9.png"},{"id":"image_10","w":426,"h":756,"u":"images/","p":"img_10.png"},{"id":"image_11","w":426,"h":756,"u":"images/","p":"img_11.png"},{"id":"image_12","w":426,"h":756,"u":"images/","p":"img_12.png"},{"id":"image_13","w":426,"h":756,"u":"images/","p":"img_13.png"},{"id":"image_14","w":426,"h":756,"u":"images/","p":"img_14.png"},{"id":"image_15","w":426,"h":756,"u":"images/","p":"img_15.png"},{"id":"image_16","w":426,"h":756,"u":"images/","p":"img_16.png"},{"id":"image_17","w":426,"h":756,"u":"images/","p":"img_17.png"},{"id":"image_18","w":426,"h":756,"u":"images/","p":"img_18.png"},{"id":"image_19","w":426,"h":756,"u":"images/","p":"img_19.png"},{"id":"image_20","w":426,"h":756,"u":"images/","p":"img_20.png"},{"id":"image_21","w":426,"h":756,"u":"images/","p":"img_21.png"},{"id":"image_22","w":426,"h":756,"u":"images/","p":"img_22.png"},{"id":"image_23","w":426,"h":756,"u":"images/","p":"img_23.png"},{"id":"image_24","w":426,"h":756,"u":"images/","p":"img_24.png"},{"id":"image_25","w":426,"h":756,"u":"images/","p":"img_25.png"},{"id":"image_26","w":426,"h":756,"u":"images/","p":"img_26.png"},{"id":"image_27","w":426,"h":756,"u":"images/","p":"img_27.png"},{"id":"image_28","w":426,"h":756,"u":"images/","p":"img_28.png"}],"layers":[{"ddd":0,"ind":1,"ty":2,"nm":"img_0.png","cl":"png","refId":"image_0","sr":1,"ks":{"o":{"a":0,"k":100},"r":{"a":0,"k":0},"p":{"a":0,"k":[213,378,0]},"a":{"a":0,"k":[213,378,0]},"s":{"a":0,"k":[100,100,100]}},"ao":0,"ip":0,"op":2,"st":0,"bm":0},{"ddd":0,"ind":2,"ty":2,"nm":"img_1.png","cl":"png","refId":"image_1","sr":1,"ks":{"o":{"a":0,"k":100},"r":{"a":0,"k":0},"p":{"a":0,"k":[213,378,0]},"a":{"a":0,"k":[213,378,0]},"s":{"a":0,"k":[100,100,100]}},"ao":0,"ip":2,"op":4,"st":0,"bm":0},{"ddd":0,"ind":3,"ty":2,"nm":"img_2.png","cl":"png","refId":"image_2","sr":1,"ks":{"o":{"a":0,"k":100},"r":{"a":0,"k":0},"p":{"a":0,"k":[213,378,0]},"a":{"a":0,"k":[213,378,0]},"s":{"a":0,"k":[100,100,100]}},"ao":0,"ip":4,"op":6,"st":0,"bm":0},{"ddd":0,"ind":4,"ty":2,"nm":"img_3.png","cl":"png","refId":"image_3","sr":1,"ks":{"o":{"a":0,"k":100},"r":{"a":0,"k":0},"p":{"a":0,"k":[213,378,0]},"a":{"a":0,"k":[213,378,0]},"s":{"a":0,"k":[100,100,100]}},"ao":0,"ip":6,"op":8,"st":0,"bm":0},{"ddd":0,"ind":5,"ty":2,"nm":"img_4.png","cl":"png","refId":"image_4","sr":1,"ks":{"o":{"a":0,"k":100},"r":{"a":0,"k":0},"p":{"a":0,"k":[213,378,0]},"a":{"a":0,"k":[213,378,0]},"s":{"a":0,"k":[100,100,100]}},"ao":0,"ip":8,"op":10,"st":0,"bm":0},{"ddd":0,"ind":6,"ty":2,"nm":"img_5.png","cl":"png","refId":"image_5","sr":1,"ks":{"o":{"a":0,"k":100},"r":{"a":0,"k":0},"p":{"a":0,"k":[213,378,0]},"a":{"a":0,"k":[213,378,0]},"s":{"a":0,"k":[100,100,100]}},"ao":0,"ip":10,"op":12,"st":0,"bm":0},{"ddd":0,"ind":7,"ty":2,"nm":"img_6.png","cl":"png","refId":"image_6","sr":1,"ks":{"o":{"a":0,"k":100},"r":{"a":0,"k":0},"p":{"a":0,"k":[213,378,0]},"a":{"a":0,"k":[213,378,0]},"s":{"a":0,"k":[100,100,100]}},"ao":0,"ip":12,"op":14,"st":0,"bm":0},{"ddd":0,"ind":8,"ty":2,"nm":"img_7.png","cl":"png","refId":"image_7","sr":1,"ks":{"o":{"a":0,"k":100},"r":{"a":0,"k":0},"p":{"a":0,"k":[213,378,0]},"a":{"a":0,"k":[213,378,0]},"s":{"a":0,"k":[100,100,100]}},"ao":0,"ip":14,"op":16,"st":0,"bm":0},{"ddd":0,"ind":9,"ty":2,"nm":"img_8.png","cl":"png","refId":"image_8","sr":1,"ks":{"o":{"a":0,"k":100},"r":{"a":0,"k":0},"p":{"a":0,"k":[213,378,0]},"a":{"a":0,"k":[213,378,0]},"s":{"a":0,"k":[100,100,100]}},"ao":0,"ip":16,"op":18,"st":0,"bm":0},{"ddd":0,"ind":10,"ty":2,"nm":"img_9.png","cl":"png","refId":"image_9","sr":1,"ks":{"o":{"a":0,"k":100},"r":{"a":0,"k":0},"p":{"a":0,"k":[213,378,0]},"a":{"a":0,"k":[213,378,0]},"s":{"a":0,"k":[100,100,100]}},"ao":0,"ip":18,"op":20,"st":0,"bm":0},{"ddd":0,"ind":11,"ty":2,"nm":"img_10.png","cl":"png","refId":"image_10","sr":1,"ks":{"o":{"a":0,"k":100},"r":{"a":0,"k":0},"p":{"a":0,"k":[213,378,0]},"a":{"a":0,"k":[213,378,0]},"s":{"a":0,"k":[100,100,100]}},"ao":0,"ip":20,"op":22,"st":0,"bm":0},{"ddd":0,"ind":12,"ty":2,"nm":"img_11.png","cl":"png","refId":"image_11","sr":1,"ks":{"o":{"a":0,"k":100},"r":{"a":0,"k":0},"p":{"a":0,"k":[213,378,0]},"a":{"a":0,"k":[213,378,0]},"s":{"a":0,"k":[100,100,100]}},"ao":0,"ip":22,"op":24,"st":0,"bm":0},{"ddd":0,"ind":13,"ty":2,"nm":"img_12.png","cl":"png","refId":"image_12","sr":1,"ks":{"o":{"a":0,"k":100},"r":{"a":0,"k":0},"p":{"a":0,"k":[213,378,0]},"a":{"a":0,"k":[213,378,0]},"s":{"a":0,"k":[100,100,100]}},"ao":0,"ip":24,"op":26,"st":0,"bm":0},{"ddd":0,"ind":14,"ty":2,"nm":"img_13.png","cl":"png","refId":"image_13","sr":1,"ks":{"o":{"a":0,"k":100},"r":{"a":0,"k":0},"p":{"a":0,"k":[213,378,0]},"a":{"a":0,"k":[213,378,0]},"s":{"a":0,"k":[100,100,100]}},"ao":0,"ip":26,"op":28,"st":0,"bm":0},{"ddd":0,"ind":15,"ty":2,"nm":"img_14.png","cl":"png","refId":"image_14","sr":1,"ks":{"o":{"a":0,"k":100},"r":{"a":0,"k":0},"p":{"a":0,"k":[213,378,0]},"a":{"a":0,"k":[213,378,0]},"s":{"a":0,"k":[100,100,100]}},"ao":0,"ip":28,"op":30,"st":0,"bm":0},{"ddd":0,"ind":16,"ty":2,"nm":"img_15.png","cl":"png","refId":"image_15","sr":1,"ks":{"o":{"a":0,"k":100},"r":{"a":0,"k":0},"p":{"a":0,"k":[213,378,0]},"a":{"a":0,"k":[213,378,0]},"s":{"a":0,"k":[100,100,100]}},"ao":0,"ip":30,"op":32,"st":0,"bm":0},{"ddd":0,"ind":17,"ty":2,"nm":"img_16.png","cl":"png","refId":"image_16","sr":1,"ks":{"o":{"a":0,"k":100},"r":{"a":0,"k":0},"p":{"a":0,"k":[213,378,0]},"a":{"a":0,"k":[213,378,0]},"s":{"a":0,"k":[100,100,100]}},"ao":0,"ip":32,"op":34,"st":0,"bm":0},{"ddd":0,"ind":18,"ty":2,"nm":"img_17.png","cl":"png","refId":"image_17","sr":1,"ks":{"o":{"a":0,"k":100},"r":{"a":0,"k":0},"p":{"a":0,"k":[213,378,0]},"a":{"a":0,"k":[213,378,0]},"s":{"a":0,"k":[100,100,100]}},"ao":0,"ip":34,"op":36,"st":0,"bm":0},{"ddd":0,"ind":19,"ty":2,"nm":"img_18.png","cl":"png","refId":"image_18","sr":1,"ks":{"o":{"a":0,"k":100},"r":{"a":0,"k":0},"p":{"a":0,"k":[213,378,0]},"a":{"a":0,"k":[213,378,0]},"s":{"a":0,"k":[100,100,100]}},"ao":0,"ip":36,"op":38,"st":0,"bm":0},{"ddd":0,"ind":20,"ty":2,"nm":"img_19.png","cl":"png","refId":"image_19","sr":1,"ks":{"o":{"a":0,"k":100},"r":{"a":0,"k":0},"p":{"a":0,"k":[213,378,0]},"a":{"a":0,"k":[213,378,0]},"s":{"a":0,"k":[100,100,100]}},"ao":0,"ip":38,"op":40,"st":0,"bm":0},{"ddd":0,"ind":21,"ty":2,"nm":"img_20.png","cl":"png","refId":"image_20","sr":1,"ks":{"o":{"a":0,"k":100},"r":{"a":0,"k":0},"p":{"a":0,"k":[213,378,0]},"a":{"a":0,"k":[213,378,0]},"s":{"a":0,"k":[100,100,100]}},"ao":0,"ip":40,"op":42,"st":0,"bm":0},{"ddd":0,"ind":22,"ty":2,"nm":"img_21.png","cl":"png","refId":"image_21","sr":1,"ks":{"o":{"a":0,"k":100},"r":{"a":0,"k":0},"p":{"a":0,"k":[213,378,0]},"a":{"a":0,"k":[213,378,0]},"s":{"a":0,"k":[100,100,100]}},"ao":0,"ip":42,"op":44,"st":0,"bm":0},{"ddd":0,"ind":23,"ty":2,"nm":"img_22.png","cl":"png","refId":"image_22","sr":1,"ks":{"o":{"a":0,"k":100},"r":{"a":0,"k":0},"p":{"a":0,"k":[213,378,0]},"a":{"a":0,"k":[213,378,0]},"s":{"a":0,"k":[100,100,100]}},"ao":0,"ip":44,"op":46,"st":0,"bm":0},{"ddd":0,"ind":24,"ty":2,"nm":"img_23.png","cl":"png","refId":"image_23","sr":1,"ks":{"o":{"a":0,"k":100},"r":{"a":0,"k":0},"p":{"a":0,"k":[213,378,0]},"a":{"a":0,"k":[213,378,0]},"s":{"a":0,"k":[100,100,100]}},"ao":0,"ip":46,"op":48,"st":0,"bm":0},{"ddd":0,"ind":25,"ty":2,"nm":"img_24.png","cl":"png","refId":"image_24","sr":1,"ks":{"o":{"a":0,"k":100},"r":{"a":0,"k":0},"p":{"a":0,"k":[213,378,0]},"a":{"a":0,"k":[213,378,0]},"s":{"a":0,"k":[100,100,100]}},"ao":0,"ip":48,"op":50,"st":0,"bm":0},{"ddd":0,"ind":26,"ty":2,"nm":"img_25.png","cl":"png","refId":"image_25","sr":1,"ks":{"o":{"a":0,"k":100},"r":{"a":0,"k":0},"p":{"a":0,"k":[213,378,0]},"a":{"a":0,"k":[213,378,0]},"s":{"a":0,"k":[100,100,100]}},"ao":0,"ip":50,"op":52,"st":0,"bm":0},{"ddd":0,"ind":27,"ty":2,"nm":"img_26.png","cl":"png","refId":"image_26","sr":1,"ks":{"o":{"a":0,"k":100},"r":{"a":0,"k":0},"p":{"a":0,"k":[213,378,0]},"a":{"a":0,"k":[213,378,0]},"s":{"a":0,"k":[100,100,100]}},"ao":0,"ip":52,"op":54,"st":0,"bm":0},{"ddd":0,"ind":28,"ty":2,"nm":"img_27.png","cl":"png","refId":"image_27","sr":1,"ks":{"o":{"a":0,"k":100},"r":{"a":0,"k":0},"p":{"a":0,"k":[213,378,0]},"a":{"a":0,"k":[213,378,0]},"s":{"a":0,"k":[100,100,100]}},"ao":0,"ip":54,"op":56,"st":0,"bm":0},{"ddd":0,"ind":29,"ty":2,"nm":"img_28.png","cl":"png","refId":"image_28","sr":1,"ks":{"o":{"a":0,"k":100},"r":{"a":0,"k":0},"p":{"a":0,"k":[213,378,0]},"a":{"a":0,"k":[213,378,0]},"s":{"a":0,"k":[100,100,100]}},"ao":0,"ip":56,"op":58,"st":1,"bm":0}]}